,2-drug,3-drug,4-drug,5-drug
Net Antagonism,0.019608,0.12005,0.26766,0.27356
Emergent Antagonism,0.019608,0.49234,0.3358,0.46665