,2-drug,3-drug,4-drug,5-drug
Net Synergy,0.0039216,0.031928,0.15243,0.29863
Emergent Synergy,0.0039216,0.00063857,0.069671,0.17351