Synergy,Additive,Antagonism
4062,5819,3721
0.29863,0.4278,0.27356
00..2390066493,00..4423066171,00..2268509023