Synergy,Additive,Antagonism
1,249,5
0.0039216,0.97647,0.019608
 0 . 0 1 1 7 605,00..9959269048,0 .00.003493211367