Synergy,Additive,Antagonism
405,3456,1952
0.069671,0.59453,0.3358
00..006745186674,00..5670853564,00..3324094991