Synergy,Additive,Antagonism
1,794,771
0.00063857,0.50702,0.49234
 0 . 0 0 1 9 1 507,00..4573730211,00..4561299166