Synergy,Additive,Antagonism
50,1328,188
0.031928,0.84802,0.12005
 00..00421253057,00..8836051246,00..1103523862