Synergy,Additive,Antagonism
2167,4494,5828
0.17351,0.35984,0.46665
00..1168601956,00..3356076532,00..44577421