Synergy,Additive,Antagonism
889,3382,1561
0.15243,0.5799,0.26766
00..1146211051,00..5569217961, 00..227572246