,2-drug,3-drug,4-drug,5-drug
Net Antagonism,0.11155,0.3287,0.20282,0.11464
Emergent Antagonism,0.11155,0.23479,0.4114,0.42475