,2-drug,3-drug,4-drug,5-drug
Net Synergy,0.027888,0.13095,0.29559,0.47347
Emergent Synergy,0.027888,0.013889,0.038475,0.18472