Synergy,Additive,Antagonism
21,1136,355
0.013889,0.75132,0.23479
0 .00.007290356053,00..7728012048, 00..226003578