Synergy,Additive,Antagonism
7,216,28
0.027888,0.86056,0.11155
0 .00.007595678717,0 .08.09807064,0 .00.6134774451