Synergy,Additive,Antagonism
6443,5605,1560
0.47347,0.41189,0.11464
0 .04.64585036,00..4401296331,00..1102803996