Synergy,Additive,Antagonism
1676,2844,1150
0.29559,0.50159,0.20282
 00..320873964,00..4581630776,00..1291224127