Synergy,Additive,Antagonism
218,3117,2331
0.038468,0.55003,0.41133
00..003432552277, 00..556367957,00..3492532373