Synergy,Additive,Antagonism
7,216,28
0.027888,0.86056,0.11155
0 .00.007591678913,00..8900847368,0 .00.6136734355