Synergy,Additive,Antagonism
198,817,497
0.13095,0.54034,0.3287
00..1115024152,0 .05.15562618,00..2395316159