Synergy,Additive,Antagonism
2261,4780,5199
0.18472,0.39052,0.42475
 0 .01.9107356,00..3389271799,00..4413644624